{
  "Pb1-151378" : {
    "type" : {
      "Pb" : 1
    },
    "eform" : -0.207758,
    "magt" : 0.0, 
    "dosf" : 0.497,
    "pdos" : {
      "Pb" : {
        "5" : {
          "D" : 0.00326
        },
        "6" : {
          "S" : 0.0591,
          "P" : 0.422
        }
      }
    }
  },
  "B2Mg1-108064" : {
    "type" : {
      "B" : 2,
      "Mg" : 1
    },
    "eform" : -0.356892,
    "magt" : 0.0,
    "dosf" : 0.234,
    "pdos" : {
      "B" : {
        "2" : {
          "S" : 0.00278,
          "P" : 0.201333
        }
      },
      "Mg" : {
        "3" : {
          "S" : 0.0105667,
          "P" : 0.0163667
        }
      }
    }
  }
}