{
  "Pb1-151378" : {
    "eform" : -0.207758,
    "magt" : 0.0, 
    "dosf" : 0.498,
    "type" : {
      "Pb" : {
        "nat" : 1,
        "5" : {
          "D" : {
            "pdos" : [0.00328]
          }
        },
        "6" : {
          "S" : {
            "pdos" : [0.0586]
          },
          "P" : {
            "pdos" : [0.422]
          }
        }
      }
    }
  },
  "B2Mg1-108064" : {
    "eform" : -0.356892,
    "magt" : 0.0,
    "dosf" : 0.233333,
    "type" : {
      "B" : {
        "nat" : 2,
        "2" : {
          "S" : {
            "pdos" : [0.00414, 0.00414]
          },
          "P" : {
            "pdos" : [0.302, 0.302]
          }
        }
      },
      "Mg" : {
        "nat" : 1,
        "3" : {
          "S" : {
            "pdos" : [0.0316]
          },
          "P" : {
            "pdos" : [0.0492]
          }
        }
      }
    }
  }
}